code,system
B346-99,readv2
B346,readv2
B342,readv2
B345,readv2
B342-99,readv2
B344-99,readv2
B343,readv2
B344,readv2
B345-99,readv2
B343-99,readv2
B3501,readv2
B3401,readv2
B340,readv2
B350,readv2
B340z,readv2
B350z,readv2
HNG0190,readv2
B34z-99,readv2
B34-98,readv2
B933,readv2
B347,readv2
BA03,readv2
B58y0,readv2
Byu6,readv2
ZV103,readv2
B34,readv2
B35zz,readv2
B35,readv2
B34z,readv2
B34-1,readv2
B35-99,readv2
B34y,readv2
B35z,readv2
B34yz,readv2
B3500,readv2
B3400,readv2
B8300,readv2
B830-99,readv2
B8301,readv2
B34-99,readv2
BB94-1,readv2
B830,readv2
B35z0,readv2
B34y0,readv2
B341,readv2
B340-99,readv2
EMISNQLO13,readv2
B36,readv2